SET SQL_MODE = "NO_AUTO_VALUE_ON_ZERO";
SET time_zone = "+00:00";

/*!40101 SET @OLD_CHARACTER_SET_CLIENT=@@CHARACTER_SET_CLIENT */;
/*!40101 SET @OLD_CHARACTER_SET_RESULTS=@@CHARACTER_SET_RESULTS */;
/*!40101 SET @OLD_COLLATION_CONNECTION=@@COLLATION_CONNECTION */;
/*!40101 SET NAMES utf8mb4 */;


CREATE TABLE `empresa` (
  `IDEMPRESA` int(11) NOT NULL,
  `NOME` varchar(250) CHARACTER SET latin1 NOT NULL,
  `LOGO` varchar(350) CHARACTER SET latin1 NOT NULL,
  `DESCRICAO` text CHARACTER SET latin1 NOT NULL,
  `CNPJ` varchar(19) CHARACTER SET latin1 NOT NULL,
  `TELEFONE` varchar(13) CHARACTER SET latin1 NOT NULL,
  `CELULAR` varchar(14) CHARACTER SET latin1 NOT NULL,
  `EMAIL` varchar(200) CHARACTER SET latin1 NOT NULL,
  `CEP` varchar(12) CHARACTER SET latin1 NOT NULL,
  `LOGRADOURO` varchar(200) CHARACTER SET latin1 NOT NULL,
  `NUM` varchar(10) CHARACTER SET latin1 NOT NULL,
  `COMPLEMENTO` varchar(30) CHARACTER SET latin1 NOT NULL,
  `BAIRRO` varchar(150) CHARACTER SET latin1 NOT NULL,
  `CIDADE` varchar(100) CHARACTER SET latin1 NOT NULL,
  `UF` varchar(2) CHARACTER SET latin1 NOT NULL,
  `TOLERANCIA` int(3) NOT NULL,
  `STATUS` int(1) NOT NULL,
  `DATA_IN` timestamp NOT NULL DEFAULT CURRENT_TIMESTAMP ON UPDATE CURRENT_TIMESTAMP,
  `LAST_LOG` timestamp NOT NULL DEFAULT '0000-00-00 00:00:00'
) ENGINE=MyISAM DEFAULT CHARSET=utf8;

INSERT INTO `empresa` (`IDEMPRESA`, `NOME`, `LOGO`, `DESCRICAO`, `CNPJ`, `TELEFONE`, `CELULAR`, `EMAIL`, `CEP`, `LOGRADOURO`, `NUM`, `COMPLEMENTO`, `BAIRRO`, `CIDADE`, `UF`, `TOLERANCIA`, `STATUS`, `DATA_IN`, `LAST_LOG`) VALUES
(1, 'Prefeitura de Queimados', 'X.jpg', '', '05.598.640/0001-69', '(22)2222-2222', '(21)98108-6200', 'lamin.exe@gmail.com', '26230-450', 'Rua Luiz Alberto de Oliveira', '465', '', 'Vila Nova', 'Nova Iguaçu', 'RJ', 0, 1, '2019-07-03 07:13:20', '0000-00-00 00:00:00');

CREATE TABLE `fiscal` (
  `IDFISCAL` int(11) NOT NULL,
  `NOME` varchar(100) NOT NULL,
  `CPF` varchar(20) NOT NULL,
  `EMAIL` varchar(150) NOT NULL,
  `SENHA` varchar(450) NOT NULL,
  `CELULAR` varchar(18) NOT NULL,
  `STATUS` int(1) NOT NULL
) ENGINE=InnoDB DEFAULT CHARSET=latin1;

INSERT INTO `fiscal` (`IDFISCAL`, `NOME`, `CPF`, `EMAIL`, `SENHA`, `CELULAR`, `STATUS`) VALUES
(1, 'Alan Lamin', '095.751.247-31', 'lamin.exe@gmail.com', '827ccb0eea8a706c4c34a16891f84e7b', '(21)27966-0978', 1);

CREATE TABLE `formapg` (
  `IDFORMAPG` int(2) NOT NULL,
  `FORMAPG` varchar(100) NOT NULL,
  `SIGLA` char(1) NOT NULL,
  `STATUS` int(1) NOT NULL
) ENGINE=InnoDB DEFAULT CHARSET=latin1;

INSERT INTO `formapg` (`IDFORMAPG`, `FORMAPG`, `SIGLA`, `STATUS`) VALUES
(2, 'DINHEIRO', 'D', 1),
(5, 'CARTÃO', 'C', 1);

CREATE TABLE `localfiscal` (
  `IDLOCALFISCAL` int(11) NOT NULL,
  `ID_FISCAL` int(11) NOT NULL,
  `ID_LOCALIDADE` int(11) NOT NULL,
  `STATUS` int(1) NOT NULL
) ENGINE=InnoDB DEFAULT CHARSET=latin1;

INSERT INTO `localfiscal` (`IDLOCALFISCAL`, `ID_FISCAL`, `ID_LOCALIDADE`, `STATUS`) VALUES
(1, 65, 1, 0),
(2, 64, 2, 0),
(3, 64, 4, 1),
(4, 64, 7, 0),
(5, 121, 5, 0),
(6, 99, 9, 0),
(7, 101, 11, 0),
(8, 105, 11, 0),
(9, 102, 11, 0),
(10, 109, 11, 0),
(11, 106, 15, 0),
(12, 106, 18, 0),
(13, 98, 19, 0),
(14, 96, 17, 0),
(15, 107, 17, 0),
(16, 97, 16, 0),
(17, 103, 16, 0),
(18, 95, 16, 0),
(19, 108, 16, 0),
(20, 100, 16, 0),
(21, 104, 10, 0),
(22, 98, 10, 0),
(23, 122, 5, 0),
(24, 123, 8, 0),
(25, 124, 5, 0),
(26, 106, 41, 1),
(27, 121, 42, 1),
(28, 100, 42, 1),
(29, 96, 43, 0),
(30, 99, 44, 1),
(31, 103, 45, 1),
(32, 124, 45, 1),
(33, 107, 40, 1),
(34, 95, 46, 1),
(35, 123, 21, 1),
(36, 108, 32, 1),
(37, 108, 47, 1),
(38, 109, 23, 0),
(39, 109, 43, 1),
(40, 104, 47, 0),
(41, 104, 34, 0),
(42, 122, 12, 1),
(43, 98, 12, 1),
(44, 105, 12, 1),
(45, 105, 6, 1),
(46, 97, 48, 1),
(47, 101, 17, 1),
(48, 102, 7, 1),
(49, 96, 14, 1),
(50, 104, 25, 1);

CREATE TABLE `localidade` (
  `IDLOCALIDADE` int(11) NOT NULL,
  `QTD_VAGAS` int(11) NOT NULL,
  `ENDERECO` varchar(200) NOT NULL,
  `BAIRRO` varchar(150) NOT NULL,
  `CIDADE` varchar(50) NOT NULL,
  `UF` varchar(2) NOT NULL,
  `CEP` varchar(20) NOT NULL,
  `DATA_IN` timestamp NOT NULL DEFAULT CURRENT_TIMESTAMP ON UPDATE CURRENT_TIMESTAMP,
  `STATUS` int(1) NOT NULL
) ENGINE=InnoDB DEFAULT CHARSET=utf8;

INSERT INTO `localidade` (`IDLOCALIDADE`, `QTD_VAGAS`, `ENDERECO`, `BAIRRO`, `CIDADE`, `UF`, `CEP`, `DATA_IN`, `STATUS`) VALUES
(5, 28, 'Rua Serrinha (esquerda)', 'Centro', 'Queimados', 'RJ', '26325-170', '2019-07-09 17:39:03', 1),
(6, 6, 'Rua Padre Marques (direita)', 'Centro', 'Queimados', 'RJ', '26310-250', '2019-08-21 20:43:25', 1),
(7, 33, 'Rua Nilópolis (esquerda)', 'Queimados', 'Queimados', 'RJ', '26325-020', '2019-07-09 17:41:52', 1),
(8, 33, 'Rua Nilópolis(direita)', 'Queimados', 'Queimados', 'RJ', '26325-020', '2019-08-21 20:52:39', 0),
(9, 24, 'Rua Mercedes(esquerda)', 'Centro', 'Queimados', 'RJ', '26325-320', '2019-07-09 17:43:56', 1),
(10, 19, 'Travessa José Carlos dos Santos Langer(direita)', 'Centro', 'Queimados', 'RJ', '26325-300', '2019-07-09 17:45:08', 1),
(11, 28, 'Rua Doutor José Maria Coelho(direita)', 'Centro', 'Queimados', 'RJ', '26325-270', '2019-07-09 17:48:04', 1),
(12, 43, 'Avenida Irmãos Guinle (esquerda)', 'Centro', 'Queimados', 'RJ', '26310-200', '2019-08-21 20:40:41', 1),
(13, 28, 'Avenida Alcindo Bulhões Paes (esquerda)', 'Centro', 'Queimados', 'RJ', '26325-230', '2019-07-09 17:51:04', 1),
(14, 19, 'Avenida Alcindo Bulhões Paes(direita)', 'Centro', 'Queimados', 'RJ', '26325-230', '2019-08-21 21:00:15', 1),
(15, 10, 'Avenida Beira Rio (direita)', 'Valdariosa', 'Queimados', 'RJ', '26311-165', '2019-07-09 17:54:29', 1),
(16, 19, 'Rua Vereador Carlos Pereira Neto', 'Centro', 'Queimados', 'RJ', '26310-135', '2019-07-09 17:55:12', 1),
(17, 14, 'Rua Vereador Marinho Hemeterio Oliveira(direita', 'Vila Pacaembu', 'Queimados', 'RJ', '26323-292', '2019-08-21 20:49:08', 1),
(18, 27, 'Rua Hortência(esquerda)', 'Vila do Tinguá', 'Queimados', 'RJ', '26383-250', '2019-07-09 17:57:00', 1),
(19, 12, 'Rua Aida(esquerda)', 'Centro', 'Queimados', 'RJ', '26383-320', '2019-07-09 17:57:48', 1),
(20, 12, 'Rua Aida(direita)', 'Centro', 'Queimados', 'RJ', '26383-320', '2019-07-09 17:58:17', 1),
(21, 19, 'Rua Itabira(equerda)', 'Vila do Tinguá', 'Queimados', 'RJ', '26383-160', '2019-07-09 17:59:26', 1),
(22, 17, 'Rua Camarim(direita)', 'Vila Amélia', 'Queimados', 'RJ', '26317-100', '2019-07-09 18:01:12', 1),
(23, 50, 'Rua Eloi Teixeira(direita)', 'Centro', 'Queimados', 'RJ', '26383-080', '2019-07-09 18:02:14', 1),
(24, 50, 'Rua Eloi Teixeira(esquerda)', 'Centro', 'Queimados', 'RJ', '26383-080', '2019-07-09 18:02:27', 1),
(25, 11, 'Avenida Alcindo Bulhões Paes(esquerda)', 'Centro', 'Queimados', 'RJ', '26325-230', '2019-07-09 18:08:52', 1),
(26, 28, 'Rua Joaquim dos Santos', 'Centro', 'Queimados', 'RJ', '26383-330', '2019-07-09 18:10:11', 1),
(27, 35, 'Rua Joaquim dos Santos(esquerda)', 'Centro', 'Queimados', 'RJ', '26383-330', '2019-07-09 18:12:01', 1),
(28, 35, 'Rua Joaquim dos Santos(direita)', 'Centro', 'Queimados', 'RJ', '26383-330', '2019-07-09 18:12:22', 1),
(29, 19, 'Rua Mustafá Kalaoun(direita)', 'Centro', 'Queimados', 'RJ', '26383-110', '2019-07-09 18:13:37', 1),
(30, 19, 'Rua Mustafá Kalaoun(esquerda)', 'Centro', 'Queimados', 'RJ', '26383-110', '2019-07-09 18:14:41', 1),
(31, 19, 'Rua São Sebastião', 'Centro', 'Queimados', 'RJ', '26310-390', '2019-07-09 18:15:38', 1),
(32, 19, 'Rua Alves(direita)', 'Paraíso', 'Queimados', 'RJ', '26383-040', '2019-07-09 18:17:41', 1),
(33, 15, 'TV Rio Douro(esquerda)', 'Centro', 'Queimados', 'RJ', '26473-550', '2019-07-09 18:19:32', 1),
(34, 18, 'Rua João Bernardo(direita)', 'Centro', 'Queimados', 'RJ', '26380-140', '2019-07-09 18:20:44', 1),
(35, 19, 'Rua Otilia(direita)', 'Centro', 'Queimados', 'RJ', '26383-290', '2019-07-09 18:22:00', 1),
(36, 24, 'Rua Manuel Augusto Muguet (direita)', 'Centro', 'Queimados', 'RJ', '26325-260', '2019-07-09 18:22:49', 1),
(37, 24, 'Rua Manuel Augusto Muguet(esquerda)', 'Centro', 'Queimados', 'RJ', '26325-260', '2019-07-09 18:23:32', 1),
(38, 15, 'Rua Doutora Sucena Geara (esquerda)', 'Centro', 'Queimados', 'RJ', '26325-150', '2019-07-09 18:24:26', 1),
(39, 15, 'Rua Doutora Sucena Geara(direita)', 'Centro', 'Queimados', 'RJ', '26325-150', '2019-07-09 18:24:37', 1),
(40, 27, 'Rua São Sebastião', 'Centro', 'Queimados', 'RJ', '26310-390', '2019-08-21 18:31:09', 1),
(41, 49, 'Avenida Avelino Xanxão (direita)', 'Centro', 'Queimados', 'RJ', '26383-070', '2019-08-21 19:49:32', 1),
(42, 38, 'Avenida Avelino Xanxão (esquerda)', 'Centro', 'Queimados', 'RJ', '26383-070', '2019-08-21 19:50:05', 1),
(43, 15, 'Avenida Tinguá', 'Vila do Tinguá', 'Queimados', 'RJ', '26383-140', '2019-08-21 19:53:27', 1),
(44, 37, 'Rua Joaquim dos Santos (direita)', 'Centro', 'Queimados', 'RJ', '26383-330', '2019-08-21 19:56:43', 1),
(45, 43, 'Rua Joaquim dos Santos (esquerdo)', 'Centro', 'Queimados', 'RJ', '26383-330', '2019-08-21 19:57:05', 1),
(46, 28, 'Rua Eugênio Castinheiras', 'Centro', 'Queimados', 'RJ', '26383-090', '2019-08-21 20:03:56', 1),
(47, 27, 'Rua Nilo Teixeira ', 'Três Fontes', 'Queimados', 'RJ', '26382-530', '2019-08-21 20:09:54', 1),
(48, 15, 'Rua Marly Pereira de Araújo', 'Centro', 'Queimados', 'RJ', '26325-330', '2019-08-21 20:46:21', 1);

CREATE TABLE `motivoevasao` (
  `IDMOTIVO` int(11) NOT NULL,
  `MOTIVO` varchar(300) NOT NULL,
  `STATUS` int(1) NOT NULL
) ENGINE=InnoDB DEFAULT CHARSET=latin1;

INSERT INTO `motivoevasao` (`IDMOTIVO`, `MOTIVO`, `STATUS`) VALUES
(1, 'RECUSOU ', 1),
(2, 'ESQUECEU', 1),
(3, 'OUTRO ', 1);

CREATE TABLE `notificacao` (
  `IDNOTIFICACAO` int(11) NOT NULL,
  `ID_SUPERVISOR` int(11) NOT NULL,
  `ID_LOCALIDADE` int(11) NOT NULL,
  `PLACA` varchar(8) NOT NULL,
  `DATAHORANOT` datetime NOT NULL,
  `ID_TIPONOT` int(11) NOT NULL
) ENGINE=InnoDB DEFAULT CHARSET=latin1;

INSERT INTO `notificacao` (`IDNOTIFICACAO`, `ID_SUPERVISOR`, `ID_LOCALIDADE`, `PLACA`, `DATAHORANOT`, `ID_TIPONOT`) VALUES
(1, 1, 1, 'KYM3490', '2019-07-05 16:40:30', 1),
(2, 1, 1, 'KYM3490', '2019-07-05 16:41:38', 1);

CREATE TABLE `pagamento` (
  `IDPAGAMENTO` int(11) NOT NULL,
  `IDPAG` varchar(150) NOT NULL,
  `VALOR` varchar(5) NOT NULL,
  `ID_USUARIO` int(11) NOT NULL,
  `STATUS` int(5) NOT NULL,
  `CODIGORETORNO` int(5) NOT NULL
) ENGINE=InnoDB DEFAULT CHARSET=latin1;

CREATE TABLE `placausuario` (
  `IDPLACAUSUARIO` int(11) NOT NULL,
  `PLACA` varchar(9) NOT NULL,
  `ID_USUARIO` varchar(4) NOT NULL,
  `STATUS` int(1) NOT NULL
) ENGINE=InnoDB DEFAULT CHARSET=latin1;

INSERT INTO `placausuario` (`IDPLACAUSUARIO`, `PLACA`, `ID_USUARIO`, `STATUS`) VALUES
(5, 'KYM3490', '94', 1),
(6, 'KXO2236', '94', 0),
(7, 'KXY2236', '94', 1),
(8, 'JYU7D42', '94', 0),
(9, 'KTU7039', '94', 1);

CREATE TABLE `recarga` (
  `IDRECARGA` int(11) NOT NULL,
  `VALOR` decimal(10,2) NOT NULL,
  `STATUS` int(1) NOT NULL
) ENGINE=InnoDB DEFAULT CHARSET=latin1;

INSERT INTO `recarga` (`IDRECARGA`, `VALOR`, `STATUS`) VALUES
(1, '10.00', 1),
(2, '15.00', 1),
(3, '20.00', 1),
(4, '25.00', 1);

CREATE TABLE `taxas` (
  `IDTAXA` int(11) NOT NULL,
  `ID_AREA` int(2) NOT NULL,
  `ID_TRANSP` int(11) NOT NULL,
  `VALOR` decimal(10,2) NOT NULL,
  `QTDHORA` varchar(3) NOT NULL,
  `STATUS` int(1) NOT NULL
) ENGINE=InnoDB DEFAULT CHARSET=latin1;

INSERT INTO `taxas` (`IDTAXA`, `ID_AREA`, `ID_TRANSP`, `VALOR`, `QTDHORA`, `STATUS`) VALUES
(16, 1, 1, '4.00', '4', 1),
(17, 1, 1, '2.00', '2', 1),
(18, 1, 1, '6.00', '6', 1),
(19, 1, 2, '2.00', '2', 1),
(20, 1, 2, '4.00', '4', 0),
(21, 1, 2, '6.00', '6', 0),
(22, 1, 1, '20.00', '24', 1),
(23, 1, 2, '20.00', '24', 1),
(24, 1, 2, '6.00', '4', 1),
(25, 1, 2, '10.00', '6', 1);

CREATE TABLE `ticket` (
  `IDTICKET` int(30) NOT NULL,
  `CODTICKET` varchar(32) NOT NULL,
  `PLACA` varchar(8) NOT NULL,
  `DATAENT` date NOT NULL,
  `HORAENT` time NOT NULL,
  `DATASAIDA` date NOT NULL,
  `HORASAIDA` time NOT NULL,
  `ID_LOCALFISCAL` int(11) NOT NULL,
  `ID_TAXA` int(11) NOT NULL,
  `VALOR` decimal(10,2) NOT NULL,
  `ID_FORMAPG` char(1) NOT NULL,
  `ID_LIBERAR` int(2) NOT NULL,
  `DH_LIBERA` timestamp NOT NULL DEFAULT CURRENT_TIMESTAMP ON UPDATE CURRENT_TIMESTAMP,
  `EVASAO` int(11) DEFAULT '0',
  `STATUS` char(1) NOT NULL
) ENGINE=InnoDB DEFAULT CHARSET=latin1;

INSERT INTO `ticket` (`IDTICKET`, `CODTICKET`, `PLACA`, `DATAENT`, `HORAENT`, `DATASAIDA`, `HORASAIDA`, `ID_LOCALFISCAL`, `ID_TAXA`, `VALOR`, `ID_FORMAPG`, `ID_LIBERAR`, `DH_LIBERA`, `EVASAO`, `STATUS`) VALUES
(1, '641565981987', 'KTU7039', '2019-08-16', '16:00:04', '2019-08-16', '18:00:04', 4, 17, '2.00', 'D', 64, '2019-08-19 12:17:53', 0, 'L'),
(2, '641565982008', 'EUD1848', '2019-08-16', '16:00:25', '2019-08-16', '18:00:25', 4, 19, '2.00', 'D', 64, '2019-08-19 12:21:56', 0, 'L'),
(3, '641565983502', 'KXO2W35', '2019-08-16', '16:25:14', '2019-08-16', '18:25:14', 4, 19, '2.00', 'D', 64, '2019-08-19 12:22:15', 0, 'L'),
(4, '641565983489', 'LNX1010', '2019-08-16', '16:25:04', '2019-08-16', '18:25:04', 4, 19, '2.00', 'D', 64, '2019-08-19 12:22:11', 0, 'L'),
(5, '641565983520', 'KCO2234', '2019-08-16', '16:26:19', '2019-08-16', '18:26:19', 4, 19, '2.00', 'D', 64, '2019-08-19 12:22:22', 0, 'L'),
(6, '641565984129', 'XXX1W34', '2019-08-16', '16:35:43', '2019-08-16', '18:35:43', 4, 19, '2.00', 'D', 64, '2019-08-19 12:22:55', 0, 'L'),
(7, '641565985007', 'NBU4935', '2019-08-16', '16:50:59', '2019-08-16', '18:50:59', 4, 19, '2.00', 'D', 64, '2019-08-19 12:22:57', 0, 'L'),
(8, '641565985345', 'HMC7001', '2019-08-16', '16:56:05', '2019-08-16', '18:56:05', 4, 19, '2.00', 'D', 64, '2019-08-19 12:22:49', 0, 'L'),
(9, '641565986535', 'EUD1845', '2019-08-16', '17:15:46', '2019-08-16', '19:15:46', 4, 19, '2.00', 'D', 64, '2019-08-19 12:22:46', 0, 'L'),
(10, '641565987314', 'EUD1846', '2019-08-16', '17:28:47', '2019-08-16', '19:28:47', 4, 19, '2.00', 'D', 64, '2019-08-19 12:22:51', 0, 'L'),
(11, '641565987756', 'HHH1234', '2019-08-16', '17:36:13', '2019-08-16', '19:36:13', 4, 19, '2.00', 'D', 64, '2019-08-19 12:22:43', 0, 'L'),
(12, '641565987779', 'HGF2Q36', '2019-08-16', '17:37:14', '2019-08-16', '19:37:14', 4, 19, '2.00', 'D', 64, '2019-08-19 12:22:41', 0, 'L'),
(13, '641566217016', 'KTU7039', '2019-08-19', '09:17:15', '2019-08-19', '11:17:15', 4, 19, '2.00', 'D', 64, '2019-08-19 15:22:15', 0, 'L'),
(14, '641566217773', 'HZI9787', '2019-08-19', '09:29:50', '2019-08-19', '11:29:50', 4, 19, '2.00', 'D', 64, '2019-08-19 15:22:13', 0, 'L'),
(15, '641566218336', 'KAS7101', '2019-08-19', '09:39:27', '2019-08-19', '11:39:27', 4, 19, '2.00', 'D', 64, '2019-08-19 15:22:10', 0, 'L'),
(16, '641566219283', 'JTB3796', '2019-08-19', '09:55:05', '2019-08-19', '11:55:05', 4, 19, '2.00', 'D', 64, '2019-08-19 15:22:06', 0, 'L'),
(17, '641566219467', 'NDI9181', '2019-08-19', '09:58:08', '2019-08-19', '11:58:08', 4, 19, '2.00', 'D', 64, '2019-08-19 15:03:54', 0, 'L'),
(18, '641566226962', 'AAA1234', '2019-08-19', '12:07:33', '2019-08-19', '14:07:33', 4, 19, '2.00', 'D', 64, '2019-08-21 14:43:30', 2, 'L'),
(19, '641566227430', 'AAA2345', '2019-08-19', '12:11:35', '2019-08-19', '14:11:35', 4, 19, '2.00', 'D', 64, '2019-08-19 17:22:37', 0, 'L'),
(20, '641566229050', 'QWE1234', '2019-08-19', '12:37:52', '2019-08-19', '16:37:52', 4, 20, '4.00', 'D', 64, '2019-08-19 19:45:56', 0, 'L'),
(21, '641566229176', 'ABC1234', '2019-08-19', '12:40:05', '2019-08-19', '14:40:05', 4, 19, '2.00', 'D', 64, '2019-08-19 18:55:58', 0, 'L'),
(22, '641566229223', 'AEI2O10', '2019-08-19', '12:41:25', '2019-08-19', '14:41:25', 4, 19, '2.00', 'D', 64, '2019-08-21 05:45:53', 2, 'L'),
(23, '641566229304', 'GHC1A35', '2019-08-19', '12:42:26', '2019-08-19', '14:42:26', 4, 19, '2.00', 'D', 64, '2019-08-19 18:56:00', 2, 'L'),
(24, '641566229746', 'KLL0001', '2019-08-19', '12:49:29', '2019-08-19', '16:49:29', 4, 20, '4.00', 'D', 64, '2019-08-19 20:13:32', 2, 'L'),
(25, '641566229715', 'WPQ9I64', '2019-08-19', '12:49:44', '2019-08-19', '14:49:44', 4, 19, '2.00', 'D', 64, '2019-08-19 19:01:54', 0, 'L'),
(26, '641566229802', 'KJJ0011', '2019-08-19', '12:50:38', '2019-08-19', '18:50:38', 4, 21, '6.00', 'D', 64, '2019-08-19 22:19:59', 0, 'L'),
(27, '641566229645', 'AAA2E27', '2019-08-19', '12:48:26', '2019-08-19', '18:48:26', 4, 19, '2.00', 'D', 64, '2019-08-19 15:56:18', 0, 'L'),
(28, '641566229822', 'LQH5000', '2019-08-19', '12:51:01', '2019-08-19', '18:51:01', 4, 21, '6.00', 'D', 64, '2019-08-19 22:20:06', 0, 'L'),
(29, '641566229881', 'WRR2345', '2019-08-19', '12:51:45', '2019-08-19', '18:51:45', 4, 21, '6.00', 'D', 64, '2019-08-19 22:20:11', 0, 'L'),
(30, '641566229859', 'AAA1588', '2019-08-19', '12:52:49', '2019-08-19', '14:52:49', 4, 19, '2.00', 'D', 64, '2019-08-19 19:02:50', 0, 'L'),
(31, '641566229997', 'CDE5813', '2019-08-19', '12:54:08', '2019-08-19', '14:54:08', 4, 19, '2.00', 'D', 64, '2019-08-19 16:13:49', 0, 'L'),
(32, '641566230133', 'LCP5769', '2019-08-19', '12:56:50', '2019-08-19', '14:56:50', 4, 19, '2.00', 'D', 64, '2019-08-19 19:01:58', 0, 'L'),
(33, '641566230018', 'QWW1234', '2019-08-19', '12:57:58', '2019-08-19', '18:57:58', 4, 18, '6.00', 'D', 64, '2019-08-19 22:20:26', 2, 'L'),
(34, '641566230257', 'LCP5768', '2019-08-19', '12:58:05', '2019-08-19', '14:58:05', 4, 19, '2.00', 'D', 64, '2019-08-19 19:02:45', 0, 'L'),
(35, '641566230282', 'LOI2316', '2019-08-19', '12:58:18', '2019-08-19', '16:58:18', 4, 20, '4.00', 'D', 64, '2019-08-19 20:14:00', 0, 'L'),
(36, '641566230293', 'TYU1234', '2019-08-19', '12:58:40', '2019-08-19', '16:58:40', 4, 20, '4.00', 'D', 64, '2019-08-19 20:14:11', 0, 'L'),
(37, '641566230288', 'ALT2E24', '2019-08-19', '12:58:24', '2019-08-19', '14:58:24', 4, 19, '2.00', 'D', 64, '2019-08-19 19:02:01', 0, 'L'),
(38, '641566230302', 'PAM2E40', '2019-08-19', '12:59:03', '2019-08-19', '14:59:03', 4, 19, '2.00', 'D', 64, '2019-08-19 16:14:29', 0, 'L'),
(39, '641566230276', 'GNT4321', '2019-08-19', '12:58:06', '2019-08-19', '14:58:06', 4, 17, '2.00', 'D', 64, '2019-08-19 19:02:03', 0, 'L'),
(40, '641566230330', 'GHJ1234', '2019-08-19', '12:59:30', '2019-08-19', '16:59:30', 4, 16, '4.00', 'D', 64, '2019-08-19 16:01:52', 0, 'L'),
(41, '641566230424', 'KYU1412', '2019-08-19', '13:00:54', '2019-08-19', '15:00:54', 4, 17, '2.00', 'D', 64, '2019-08-19 16:04:09', 2, 'L'),
(42, '641566230431', 'DDJ3A55', '2019-08-19', '13:01:11', '2019-08-19', '15:01:11', 4, 19, '2.00', 'D', 64, '2019-08-19 19:02:05', 0, 'L'),
(43, '641566230482', 'AEB2222', '2019-08-19', '13:01:59', '2019-08-19', '15:01:59', 4, 19, '2.00', 'D', 64, '2019-08-19 19:02:06', 2, 'L'),
(44, '641566230793', 'AAA1111', '2019-08-19', '13:07:04', '2019-08-19', '15:07:04', 4, 19, '2.00', 'D', 64, '2019-08-19 16:10:58', 0, 'L'),
(45, '641566230931', 'CBN1234', '2019-08-19', '13:09:12', '2019-08-19', '15:09:12', 4, 19, '2.00', 'D', 64, '2019-08-19 19:02:08', 0, 'L'),
(46, '641566230721', 'WWW1234', '2019-08-19', '13:11:18', '2019-08-19', '15:11:18', 4, 19, '2.00', 'D', 64, '2019-08-19 19:02:10', 0, 'L'),
(47, '641566231126', 'LLF1345', '2019-08-19', '13:13:08', '2019-08-19', '15:13:08', 4, 19, '2.00', 'D', 64, '2019-08-19 19:02:12', 0, 'L'),
(48, '641566231209', 'ANA1234', '2019-08-19', '13:14:42', '2019-08-19', '15:14:19', 4, 17, '2.00', 'D', 64, '2019-08-19 19:02:35', 2, 'L'),
(49, '641566231313', 'LAC2003', '2019-08-19', '13:16:15', '2019-08-19', '19:16:15', 4, 18, '6.00', 'D', 64, '2019-08-19 22:20:29', 2, 'L'),
(50, '641566231437', 'AGH6788', '2019-08-19', '13:17:31', '2019-08-19', '15:17:36', 4, 19, '2.00', 'D', 64, '2019-08-19 19:02:17', 0, 'L'),
(51, '641566232765', 'LLO1234', '2019-08-19', '13:40:00', '2019-08-19', '15:40:00', 4, 19, '2.00', 'D', 64, '2019-08-19 19:02:48', 0, 'L'),
(52, '641566234356', 'LLO4321', '2019-08-19', '14:06:27', '2019-08-19', '16:06:27', 4, 19, '2.00', 'D', 64, '2019-08-19 19:48:29', 0, 'L'),
(53, '641566241387', 'KTU7039', '2019-08-19', '16:03:26', '2019-08-19', '18:03:26', 4, 19, '2.00', 'D', 64, '2019-08-19 22:20:26', 0, 'L'),
(54, '641566243963', 'QWE1234', '2019-08-19', '16:46:03', '2019-08-19', '18:46:03', 4, 19, '2.00', 'D', 64, '2019-08-19 22:20:32', 0, 'L'),
(55, '641566253021', 'KKK1234', '2019-08-19', '19:17:25', '2019-08-19', '23:17:25', 4, 20, '4.00', 'D', 64, '2019-08-20 06:29:28', 0, 'L'),
(56, '641566303803', 'AAA1A11', '2019-08-20', '09:23:48', '2019-08-20', '11:23:48', 4, 19, '2.00', 'D', 64, '2019-08-20 20:21:11', 2, 'L'),
(57, '641566333968', 'HHH6666', '2019-08-20', '17:46:35', '2019-08-20', '19:46:35', 4, 17, '2.00', 'D', 64, '2019-08-21 12:20:01', 0, 'L'),
(58, '641566333943', 'EUD1848', '2019-08-20', '17:47:05', '2019-08-20', '19:47:05', 4, 19, '2.00', 'D', 64, '2019-08-21 12:20:03', 0, 'L'),
(59, '1091566397962', 'CDE9011', '2019-08-21', '11:34:25', '2019-08-21', '11:00:00', 10, 19, '2.00', 'D', 109, '2019-08-21 16:19:42', 0, 'L'),
(60, '641566398167', 'AAA1344', '2019-08-21', '11:37:32', '2019-08-21', '13:37:32', 16, 19, '2.00', 'D', 97, '2019-08-21 15:19:06', 0, 'L'),
(61, '951566398171', 'KVE1802', '2019-08-21', '11:36:34', '2019-08-21', '13:36:34', 18, 19, '2.00', 'D', 95, '2019-08-21 14:43:51', 0, 'L'),
(62, '991566398175', 'JKL737_', '2019-08-21', '11:37:28', '2019-08-21', '11:00:00', 6, 20, '4.00', 'D', 99, '2019-08-21 16:19:51', 0, 'L'),
(63, '1001566398181', 'KHD9876', '2019-08-21', '11:36:45', '2019-08-21', '15:36:45', 20, 16, '4.00', 'D', 100, '2019-08-21 14:43:07', 0, 'L'),
(64, '1081566398169', 'PAM2303', '2019-08-21', '11:36:28', '2019-08-21', '13:36:28', 19, 19, '2.00', 'D', 108, '2019-08-21 14:43:05', 0, 'L'),
(65, '1211566398169', 'LLT0808', '2019-08-21', '11:36:30', '2019-08-21', '15:36:30', 5, 20, '4.00', 'D', 121, '2019-08-21 14:43:22', 0, 'L'),
(66, '971566398171', 'HLM3456', '2019-08-21', '11:36:50', '2019-08-21', '13:36:50', 16, 19, '2.00', 'D', 97, '2019-08-21 14:43:09', 0, 'L'),
(67, '1051566398175', 'LCP5769', '2019-08-21', '11:36:31', '2019-08-21', '13:36:31', 8, 19, '2.00', 'D', 105, '2019-08-21 14:42:42', 0, 'L'),
(68, '1061566398177', 'LIF3578', '2019-08-21', '11:37:47', '2019-08-21', '13:37:47', 12, 17, '2.00', 'D', 106, '2019-08-21 14:43:05', 0, 'L'),
(69, '1071566398197', 'WAK1454', '2019-08-21', '11:37:00', '2019-08-21', '15:37:00', 15, 20, '4.00', 'D', 107, '2019-08-21 14:43:08', 0, 'L'),
(70, '1031566398172', 'AEH2134', '2019-08-21', '11:37:40', '2019-08-21', '15:37:40', 17, 20, '4.00', 'D', 103, '2019-08-21 14:43:06', 0, 'L'),
(71, '1091566398172', 'EFG1234', '2019-08-21', '11:36:37', '2019-08-21', '13:36:37', 10, 19, '2.00', 'D', 109, '2019-08-21 14:43:05', 0, 'L'),
(72, '981566398173', 'WTA3576', '2019-08-21', '11:36:55', '2019-08-21', '13:36:55', 13, 19, '2.00', 'D', 98, '2019-08-21 14:43:07', 0, 'L'),
(73, '1021566398168', 'KPT9837', '2019-08-21', '11:36:34', '2019-08-21', '13:36:34', 9, 19, '2.00', 'D', 102, '2019-08-21 14:43:06', 0, 'L'),
(74, '961566398173', 'KWL8040', '2019-08-21', '11:37:32', '2019-08-21', '13:37:32', 14, 19, '2.00', 'D', 96, '2019-08-21 14:43:05', 0, 'L'),
(75, '1011566398174', 'ZAL3098', '2019-08-21', '11:37:04', '2019-08-21', '15:37:04', 7, 20, '4.00', 'D', 101, '2019-08-21 14:43:05', 0, 'L'),
(76, '1041566398291', 'VTE1314', '2019-08-21', '11:38:28', '2019-08-21', '15:38:28', 21, 20, '4.00', 'D', 104, '2019-08-21 14:43:07', 0, 'L'),
(77, '1051566398663', 'LRN2110', '2019-08-21', '11:45:14', '2019-08-21', '11:00:00', 8, 16, '4.00', 'D', 105, '2019-08-21 16:15:47', 0, 'L'),
(78, '991566398732', 'JYL357_', '2019-08-21', '11:46:10', '2019-08-21', '11:00:00', 6, 20, '4.00', 'D', 99, '2019-08-21 16:19:54', 0, 'L'),
(79, '641566398696', 'AAA4321', '2019-08-21', '11:46:08', '2019-08-21', '11:00:00', 4, 19, '2.00', 'D', 64, '2019-08-21 16:16:31', 0, 'L'),
(80, '1041566398672', 'MAR2040', '2019-08-21', '11:45:29', '2019-08-21', '11:00:00', 21, 19, '2.00', 'D', 104, '2019-08-21 16:16:29', 0, 'L'),
(81, '1031566398653', 'KJK7865', '2019-08-21', '11:45:20', '2019-08-21', '11:00:00', 17, 16, '4.00', 'D', 103, '2019-08-21 16:18:09', 0, 'L'),
(82, '1001566398657', 'KYJ4567', '2019-08-21', '11:45:22', '2019-08-21', '11:00:00', 20, 19, '2.00', 'D', 100, '2019-08-21 16:17:59', 0, 'L'),
(83, '1091566398703', 'RTY2456', '2019-08-21', '11:46:17', '2019-08-21', '11:00:00', 10, 20, '4.00', 'D', 109, '2019-08-21 16:20:13', 0, 'L'),
(84, '1081566398699', 'LAL2289', '2019-08-21', '11:45:37', '2019-08-21', '11:00:00', 19, 21, '6.00', 'D', 108, '2019-08-21 16:16:52', 0, 'L'),
(85, '1021566398652', 'KOU5813', '2019-08-21', '11:46:23', '2019-08-21', '11:00:00', 9, 20, '4.00', 'D', 102, '2019-08-21 16:19:39', 0, 'L'),
(86, '1011566398698', 'FFS8683', '2019-08-21', '11:45:21', '2019-08-21', '11:00:00', 7, 20, '4.00', 'D', 101, '2019-08-21 16:19:36', 0, 'L'),
(87, '971566398703', 'VXZ7890', '2019-08-21', '11:45:26', '2019-08-21', '11:00:00', 16, 16, '4.00', 'D', 97, '2019-08-21 16:17:56', 0, 'L'),
(88, '1061566398698', 'JGF1236', '2019-08-21', '11:45:14', '2019-08-21', '11:00:00', 11, 20, '4.00', 'D', 106, '2019-08-21 16:19:36', 0, 'L'),
(89, '1071566398698', 'MWA1069', '2019-08-21', '11:45:17', '2019-08-21', '11:00:00', 15, 19, '2.00', 'D', 107, '2019-08-21 16:20:25', 0, 'L'),
(90, '961566398649', 'PLG5321', '2019-08-21', '11:45:17', '2019-08-21', '11:00:00', 14, 17, '2.00', 'D', 96, '2019-08-21 16:16:34', 0, 'L'),
(91, '951566398698', 'ROB1802', '2019-08-21', '11:45:17', '2019-08-21', '11:00:00', 18, 20, '4.00', 'D', 95, '2019-08-21 16:19:46', 0, 'L'),
(92, '1211566398698', 'FFF0880', '2019-08-21', '11:45:31', '2019-08-21', '11:00:00', 5, 20, '4.00', 'D', 121, '2019-08-21 16:11:05', 0, 'L'),
(93, '981566398702', 'PPE6687', '2019-08-21', '11:45:29', '2019-08-21', '11:00:00', 13, 19, '2.00', 'D', 98, '2019-08-21 16:19:44', 0, 'L'),
(94, '991566398921', 'JYL456_', '2019-08-21', '11:49:25', '2019-08-21', '11:00:00', 6, 20, '4.00', 'D', 99, '2019-08-21 16:19:56', 0, 'L'),
(95, '1011566399047', 'AFS0701', '2019-08-21', '11:51:10', '2019-08-21', '11:00:00', 7, 21, '6.00', 'D', 101, '2019-08-21 16:20:02', 2, 'L'),
(96, '1001566399040', 'FGH1987', '2019-08-21', '11:51:00', '2019-08-21', '11:00:00', 20, 16, '4.00', 'D', 100, '2019-08-21 16:19:44', 2, 'L'),
(97, '641566399007', 'BBB0987', '2019-08-21', '11:50:25', '2019-08-21', '13:50:25', 4, 19, '2.00', 'D', 64, '2019-08-21 14:57:44', 0, 'L'),
(98, '1021566399054', 'JPN0312', '2019-08-21', '11:51:22', '2019-08-21', '11:00:00', 9, 21, '6.00', 'D', 102, '2019-08-21 16:19:44', 2, 'L'),
(99, '1091566399050', 'AAA1111', '2019-08-21', '11:51:07', '2019-08-21', '11:00:00', 10, 19, '2.00', 'D', 109, '2019-08-21 16:20:19', 2, 'L'),
(100, '961566399053', 'LKJ908_', '2019-08-21', '11:51:08', '2019-08-21', '11:00:00', 14, 17, '2.00', 'D', 96, '2019-08-21 16:19:43', 2, 'L'),
(101, '1051566399049', 'RRN1977', '2019-08-21', '11:51:04', '2019-08-21', '15:51:04', 8, 20, '4.00', 'D', 105, '2019-08-21 14:58:05', 2, 'L'),
(102, '951566399052', 'BIN1802', '2019-08-21', '11:51:23', '2019-08-21', '11:00:00', 18, 20, '4.00', 'D', 95, '2019-08-21 16:19:48', 2, 'L'),
(103, '1041566399054', 'PVC3010', '2019-08-21', '11:51:17', '2019-08-21', '11:00:00', 21, 16, '4.00', 'D', 104, '2019-08-21 16:19:55', 2, 'L'),
(104, '1031566399053', 'BBC____', '2019-08-21', '11:51:32', '2019-08-21', '11:00:00', 17, 19, '2.00', 'D', 103, '2019-08-21 16:18:16', 2, 'L'),
(105, '1081566399058', 'KKK0000', '2019-08-21', '11:51:38', '2019-08-21', '11:00:00', 19, 19, '2.00', 'D', 108, '2019-08-21 16:18:19', 2, 'L'),
(106, '981566399055', 'ASS6543', '2019-08-21', '11:51:24', '2019-08-21', '11:00:00', 13, 19, '2.00', 'D', 98, '2019-08-21 16:19:51', 2, 'L'),
(107, '1211566399045', 'FFT4321', '2019-08-21', '11:51:09', '2019-08-21', '11:00:00', 5, 20, '4.00', 'D', 121, '2019-08-21 16:11:14', 2, 'L'),
(108, '991566399054', 'YHE876_', '2019-08-21', '11:51:25', '2019-08-21', '11:00:00', 6, 20, '4.00', 'D', 99, '2019-08-21 16:19:59', 2, 'L'),
(109, '1061566399049', 'KJL4570', '2019-08-21', '11:51:35', '2019-08-21', '11:00:00', 11, 20, '4.00', 'D', 106, '2019-08-21 16:20:08', 2, 'L'),
(110, '1071566399069', 'WAQ1202', '2019-08-21', '11:52:38', '2019-08-21', '11:00:00', 15, 19, '2.00', 'D', 107, '2019-08-21 16:20:27', 2, 'L'),
(111, '971566399073', 'JLM3210', '2019-08-21', '11:51:44', '2019-08-21', '11:00:00', 16, 17, '2.00', 'D', 97, '2019-08-21 16:19:47', 0, 'L'),
(112, '1221566399164', 'KWN4E18', '2019-08-21', '11:53:16', '2019-08-21', '11:00:00', 23, 17, '2.00', 'D', 122, '2019-08-21 16:38:10', 0, 'L'),
(113, '1001566399343', 'FGR____', '2019-08-21', '11:58:10', '2019-08-21', '15:58:10', 17, 16, '4.00', 'D', 103, '2019-08-21 15:19:19', 0, 'L'),
(114, '1081566399496', 'HAH7777', '2019-08-21', '11:58:27', '2019-08-21', '15:58:27', 19, 20, '4.00', 'D', 108, '2019-08-21 15:19:29', 0, 'L'),
(115, '641566399478', 'VVV5432', '2019-08-21', '11:58:25', '2019-08-21', '15:58:25', 7, 20, '4.00', 'D', 101, '2019-08-21 15:19:34', 0, 'L'),
(116, '1021566399488', 'GLA1234', '2019-08-21', '11:58:30', '2019-08-21', '15:58:30', 11, 20, '4.00', 'D', 106, '2019-08-21 15:19:22', 0, 'L'),
(117, '1061566399483', 'GHJ6090', '2019-08-21', '11:58:16', '2019-08-21', '15:58:16', 16, 20, '4.00', 'D', 97, '2019-08-21 15:15:48', 0, 'L'),
(118, '1071566399484', 'WAK1234', '2019-08-21', '11:58:23', '2019-08-21', '15:58:23', 14, 20, '4.00', 'D', 96, '2019-08-21 15:21:34', 0, 'L'),
(119, '961566399486', 'LKF765_', '2019-08-21', '11:58:21', '2019-08-21', '15:58:21', 6, 20, '4.00', 'D', 99, '2019-08-21 15:20:02', 0, 'L'),
(120, '1011566399483', 'KJH9876', '2019-08-21', '11:58:28', '2019-08-21', '15:58:28', 8, 20, '4.00', 'D', 105, '2019-08-21 15:19:25', 0, 'L'),
(121, '1031566399486', 'FHU8013', '2019-08-21', '11:58:33', '2019-08-21', '15:58:33', 15, 20, '4.00', 'D', 107, '2019-08-21 15:19:39', 0, 'L'),
(122, '1051566399495', 'BXD1977', '2019-08-21', '11:58:28', '2019-08-21', '15:58:28', 8, 16, '4.00', 'D', 105, '2019-08-21 15:05:59', 0, 'L'),
(123, '1091566399489', 'VWM8035', '2019-08-21', '11:58:34', '2019-08-21', '15:58:34', 13, 20, '4.00', 'D', 98, '2019-08-21 15:19:34', 0, 'L'),
(124, '991566399506', 'BJL345_', '2019-08-21', '11:58:39', '2019-08-21', '15:58:39', 20, 20, '4.00', 'D', 100, '2019-08-21 15:19:04', 0, 'L'),
(125, '1041566399488', 'FBT6060', '2019-08-21', '11:58:43', '2019-08-21', '15:58:43', 10, 20, '4.00', 'D', 109, '2019-08-21 15:19:25', 0, 'L'),
(126, '971566399492', 'LKV1234', '2019-08-21', '11:58:42', '2019-08-21', '15:58:42', 5, 20, '4.00', 'D', 121, '2019-08-21 15:16:17', 0, 'L'),
(127, '951566399491', 'RPC1802', '2019-08-21', '11:58:30', '2019-08-21', '15:58:30', 9, 20, '4.00', 'D', 102, '2019-08-21 15:19:10', 0, 'L'),
(128, '981566399488', 'DER2356', '2019-08-21', '11:58:42', '2019-08-21', '11:00:00', 13, 21, '6.00', 'D', 98, '2019-08-21 16:20:12', 0, 'L'),
(129, '1211566399531', 'GGE1234', '2019-08-21', '11:59:17', '2019-08-21', '15:59:17', 5, 20, '4.00', 'D', 121, '2019-08-21 15:10:24', 0, 'L'),
(130, '1221566399488', 'GFD1354', '2019-08-21', '11:58:26', '2019-08-21', '15:58:26', 18, 20, '4.00', 'D', 95, '2019-08-21 15:19:44', 0, 'L'),
(131, '1231566399570', 'GGG1144', '2019-08-21', '11:59:58', '2019-08-21', '13:59:58', 24, 19, '2.00', 'D', 123, '2019-08-21 15:36:18', 0, 'L'),
(132, '981566399564', 'ERT1234', '2019-08-21', '12:00:11', '2019-08-21', '16:00:11', 21, 20, '4.00', 'D', 104, '2019-08-21 15:19:42', 0, 'L'),
(133, '1051566399525', 'BXD1996', '2019-08-21', '12:00:46', '2019-08-21', '16:00:46', 8, 16, '4.00', 'D', 105, '2019-08-21 15:05:18', 0, 'L'),
(134, '1081566399516', 'PAA8899', '2019-08-21', '12:00:56', '2019-08-21', '11:00:00', 19, 20, '4.00', 'D', 108, '2019-08-21 16:19:17', 0, 'L'),
(135, '1001566399509', 'FHH1234', '2019-08-21', '12:00:53', '2019-08-21', '11:00:00', 20, 16, '4.00', 'D', 100, '2019-08-21 16:19:46', 0, 'L'),
(136, '1031566399525', 'QRU1234', '2019-08-21', '12:01:06', '2019-08-21', '11:00:00', 17, 21, '6.00', 'D', 103, '2019-08-21 16:18:18', 0, 'L'),
(137, '1041566399531', 'JOT5656', '2019-08-21', '12:01:21', '2019-08-21', '11:00:00', 21, 17, '2.00', 'D', 104, '2019-08-21 16:20:34', 0, 'L'),
(138, '971566399532', 'AVX6123', '2019-08-21', '12:01:06', '2019-08-21', '11:00:00', 16, 19, '2.00', 'D', 97, '2019-08-21 16:19:56', 0, 'L'),
(139, '1061566399670', 'GHB5970', '2019-08-21', '12:01:23', '2019-08-21', '14:01:23', 11, 17, '2.00', 'D', 106, '2019-08-21 15:08:01', 0, 'L'),
(140, '1211566399572', 'GGI7890', '2019-08-21', '12:00:47', '2019-08-21', '11:00:00', 5, 20, '4.00', 'D', 121, '2019-08-21 16:11:24', 0, 'L'),
(141, '1091566399526', 'GAB2345', '2019-08-21', '12:01:14', '2019-08-21', '11:00:00', 10, 19, '2.00', 'D', 109, '2019-08-21 16:20:20', 0, 'L'),
(142, '1231566399688', 'HGF1354', '2019-08-21', '12:01:49', '2019-08-21', '11:00:00', 24, 19, '2.00', 'D', 123, '2019-08-21 16:20:23', 0, 'L'),
(143, '981566399620', 'FDE3544', '2019-08-21', '12:01:10', '2019-08-21', '11:00:00', 13, 20, '4.00', 'D', 98, '2019-08-21 16:19:54', 0, 'L'),
(144, '961566399640', 'GVE3214', '2019-08-21', '12:00:59', '2019-08-21', '11:00:00', 14, 20, '4.00', 'D', 96, '2019-08-21 16:19:46', 0, 'L'),
(145, '1021566399649', 'GPD1234', '2019-08-21', '12:01:14', '2019-08-21', '11:00:00', 9, 19, '2.00', 'D', 102, '2019-08-21 16:19:46', 0, 'L'),
(146, '1071566399706', 'WAH1234', '2019-08-21', '12:02:06', '2019-08-21', '11:00:00', 15, 20, '4.00', 'D', 107, '2019-08-21 16:20:33', 0, 'L'),
(147, '1221566399597', 'GFG2E45', '2019-08-21', '12:01:01', '2019-08-21', '14:01:01', 23, 19, '2.00', 'D', 122, '2019-08-21 15:10:10', 0, 'L'),
(148, '991566399748', 'YHJ____', '2019-08-21', '12:02:45', '2019-08-21', '11:00:00', 6, 20, '4.00', 'D', 99, '2019-08-21 16:20:01', 0, 'L'),
(149, '951566399743', 'RIP1802', '2019-08-21', '12:02:48', '2019-08-21', '11:00:00', 18, 20, '4.00', 'D', 95, '2019-08-21 16:19:57', 0, 'L'),
(150, '1011566399772', 'KPM7102', '2019-08-21', '12:03:14', '2019-08-21', '11:00:00', 7, 20, '4.00', 'D', 101, '2019-08-21 16:20:04', 0, 'L'),
(151, '1211566400703', 'GHJ6O90', '2019-08-21', '12:19:15', '2019-08-21', '11:00:00', 5, 19, '2.00', 'D', 121, '2019-08-21 16:14:46', 0, 'L'),
(152, '1081566400935', 'JLL7U77', '2019-08-21', '12:22:24', '2019-08-21', '11:00:00', 19, 17, '2.00', 'D', 108, '2019-08-21 16:19:40', 0, 'L'),
(153, '1011566400928', 'KPM0701', '2019-08-21', '12:22:33', '2019-08-21', '11:00:00', 7, 25, '10.00', 'D', 101, '2019-08-21 16:20:16', 0, 'L'),
(154, '1061566400941', 'HJK7890', '2019-08-21', '12:22:30', '2019-08-21', '11:00:00', 11, 19, '2.00', 'D', 106, '2019-08-21 16:19:52', 0, 'L'),
(155, '1001566400906', 'RTY123_', '2019-08-21', '12:22:33', '2019-08-21', '11:00:00', 20, 16, '4.00', 'D', 100, '2019-08-21 16:19:52', 0, 'L'),
(156, '1041566400949', 'MTH2323', '2019-08-21', '12:22:53', '2019-08-21', '11:00:00', 21, 19, '2.00', 'D', 104, '2019-08-21 16:20:45', 0, 'L'),
(157, '971566400950', 'BBB1672', '2019-08-21', '12:22:50', '2019-08-21', '11:00:00', 16, 17, '2.00', 'D', 97, '2019-08-21 16:20:11', 0, 'L'),
(158, '981566400944', 'ERT1776', '2019-08-21', '12:22:52', '2019-08-21', '11:00:00', 13, 24, '6.00', 'D', 98, '2019-08-21 16:20:14', 0, 'L'),
(159, '961566400942', 'HJG1234', '2019-08-21', '12:22:40', '2019-08-21', '11:00:00', 14, 24, '6.00', 'D', 96, '2019-08-21 16:19:52', 0, 'L'),
(160, '1021566400880', 'KPT1234', '2019-08-21', '12:22:35', '2019-08-21', '11:00:00', 9, 16, '4.00', 'D', 102, '2019-08-21 16:19:55', 0, 'L'),
(161, '1031566400936', 'RRJ9065', '2019-08-21', '12:22:46', '2019-08-21', '11:00:00', 17, 19, '2.00', 'D', 103, '2019-08-21 16:18:22', 0, 'L'),
(162, '1051566400794', 'VEM1234', '2019-08-21', '12:22:55', '2019-08-21', '11:00:00', 8, 17, '2.00', 'D', 105, '2019-08-21 16:17:26', 0, 'L'),
(163, '1071566400930', 'QAE1234', '2019-08-21', '12:22:23', '2019-08-21', '11:00:00', 15, 17, '2.00', 'D', 107, '2019-08-21 16:20:39', 0, 'L'),
(164, '951566400939', 'DID1802', '2019-08-21', '12:22:37', '2019-08-22', '11:00:00', 18, 23, '20.00', 'D', 0, '2019-08-21 19:15:47', 0, 'L'),
(165, '991566400943', 'AAA456_', '2019-08-21', '12:23:10', '2019-08-21', '11:00:00', 6, 24, '6.00', 'D', 99, '2019-08-21 16:20:06', 0, 'L'),
(166, '1061566400989', 'HGJ6970', '2019-08-21', '12:23:26', '2019-08-21', '11:00:00', 11, 17, '2.00', 'D', 106, '2019-08-21 16:19:47', 0, 'L'),
(167, '1091566401039', 'RUA4789', '2019-08-21', '12:24:31', '2019-08-21', '11:00:00', 10, 19, '2.00', 'D', 109, '2019-08-21 16:20:54', 0, 'L'),
(168, '1211566401088', 'VVV1234', '2019-08-21', '12:25:14', '2019-08-21', '11:00:00', 5, 24, '6.00', 'D', 121, '2019-08-21 16:14:29', 0, 'L'),
(169, '641566401103', 'ETX1234', '2019-08-21', '12:25:28', '2019-08-21', '11:00:00', 4, 19, '2.00', 'D', 64, '2019-08-21 16:16:44', 0, 'L'),
(170, '1081566401270', 'AKM7U79', '2019-08-21', '12:28:06', '2019-08-22', '11:00:00', 19, 23, '20.00', 'D', 0, '2019-08-21 19:17:19', 0, 'L'),
(171, '1221566400266', 'GFG4G32', '2019-08-21', '12:28:14', '2019-08-22', '11:00:00', 23, 23, '20.00', 'D', 0, '2019-08-21 19:16:59', 0, 'L'),
(172, '1231566401171', 'KJL6578', '2019-08-21', '12:28:22', '2019-08-22', '11:00:00', 24, 22, '20.00', 'D', 123, '2019-08-21 16:40:08', 0, 'L'),
(173, '1051566401290', 'SRN2019', '2019-08-21', '12:28:26', '2019-08-22', '11:00:00', 8, 22, '20.00', 'D', 0, '2019-08-21 19:16:55', 0, 'L'),
(174, '1071566401283', 'WAD1265', '2019-08-21', '12:28:23', '2019-08-22', '11:00:00', 15, 22, '20.00', 'D', 0, '2019-08-21 19:16:05', 0, 'L'),
(175, '971566401190', 'BCV0987', '2019-08-21', '12:28:13', '2019-08-22', '11:00:00', 16, 22, '20.00', 'D', 0, '2019-08-21 19:16:09', 0, 'L'),
(176, '981566401275', 'BRT3243', '2019-08-21', '12:28:18', '2019-08-22', '11:00:00', 13, 23, '20.00', 'D', 0, '2019-08-21 16:09:09', 0, 'A'),
(177, '1211566401289', 'ASD1234', '2019-08-21', '12:28:31', '2019-08-22', '11:00:00', 5, 23, '20.00', 'D', 0, '2019-08-21 19:16:13', 0, 'L'),
(178, '641566401274', 'TUU1234', '2019-08-21', '12:28:22', '2019-08-22', '11:00:00', 4, 23, '20.00', 'D', 0, '2019-08-21 19:16:26', 0, 'L'),
(179, '1021566401271', 'KOS1234', '2019-08-21', '12:28:13', '2019-08-22', '11:00:00', 9, 23, '20.00', 'D', 0, '2019-08-21 16:09:09', 0, 'A'),
(180, '961566401278', 'KJH4321', '2019-08-21', '12:28:10', '2019-08-22', '11:00:00', 14, 23, '20.00', 'D', 0, '2019-08-21 19:16:47', 0, 'L'),
(181, '1061566401272', 'GJD3680', '2019-08-21', '12:28:14', '2019-08-22', '11:00:00', 11, 22, '20.00', 'D', 0, '2019-08-21 19:16:31', 0, 'L'),
(182, '1011566401274', 'KPM8683', '2019-08-21', '12:28:19', '2019-08-22', '11:00:00', 7, 23, '20.00', 'D', 0, '2019-08-21 19:17:32', 0, 'L'),
(183, '1001566401277', 'TYU1124', '2019-08-21', '12:28:41', '2019-08-22', '11:00:00', 20, 23, '20.00', 'D', 0, '2019-08-21 19:17:35', 0, 'L'),
(184, '1091566401285', 'KSQ0634', '2019-08-21', '12:28:41', '2019-08-22', '11:00:00', 10, 23, '20.00', 'D', 0, '2019-08-21 19:16:01', 0, 'L'),
(185, '991566401269', 'ERT324_', '2019-08-21', '12:28:08', '2019-08-22', '11:00:00', 6, 23, '20.00', 'D', 0, '2019-08-21 19:15:57', 0, 'L'),
(186, '1031566401295', 'OIH1123', '2019-08-21', '12:28:31', '2019-08-22', '11:00:00', 17, 23, '20.00', 'D', 0, '2019-08-21 19:17:13', 0, 'L'),
(187, '951566401275', 'RRR1802', '2019-08-21', '12:28:11', '2019-08-22', '11:00:00', 18, 23, '20.00', 'D', 0, '2019-08-21 19:16:51', 0, 'L'),
(188, '1041566401368', 'BBB5454', '2019-08-21', '12:29:47', '2019-08-22', '11:00:00', 21, 23, '20.00', 'D', 0, '2019-08-21 19:17:27', 0, 'L'),
(189, '1051566401325', 'BAV6677', '2019-08-21', '12:31:56', '2019-08-21', '11:00:00', 8, 17, '2.00', 'D', 105, '2019-08-21 16:19:21', 2, 'L'),
(190, '1081566401304', 'BHH7Y86', '2019-08-21', '12:33:36', '2019-08-21', '11:00:00', 19, 19, '2.00', 'D', 108, '2019-08-21 16:19:42', 2, 'L'),
(191, '1061566401603', 'HFD4783', '2019-08-21', '12:33:43', '2019-08-21', '11:00:00', 11, 19, '2.00', 'D', 106, '2019-08-21 16:19:43', 2, 'L'),
(192, '1021566401321', 'KOS2345', '2019-08-21', '12:33:46', '2019-08-21', '11:00:00', 9, 19, '2.00', 'D', 102, '2019-08-21 16:19:55', 2, 'L'),
(193, '1041566401403', 'BOL9898', '2019-08-21', '12:33:46', '2019-08-21', '11:00:00', 21, 19, '2.00', 'D', 104, '2019-08-21 16:20:55', 2, 'L'),
(194, '641566401319', 'GGG2410', '2019-08-21', '12:33:41', '2019-08-21', '11:00:00', 4, 19, '2.00', 'D', 64, '2019-08-21 16:17:20', 2, 'L'),
(195, '1001566401422', 'FGH2345', '2019-08-21', '12:33:34', '2019-08-21', '11:00:00', 20, 16, '4.00', 'D', 100, '2019-08-21 16:19:57', 2, 'L'),
(196, '1091566401336', 'MNT2809', '2019-08-21', '12:33:50', '2019-08-21', '11:00:00', 10, 19, '2.00', 'D', 109, '2019-08-21 16:20:24', 2, 'L'),
(197, '1071566401608', 'HGA4324', '2019-08-21', '12:33:52', '2019-08-21', '11:00:00', 15, 19, '2.00', 'D', 107, '2019-08-21 16:20:42', 2, 'L'),
(198, '961566401615', 'HGF6543', '2019-08-21', '12:33:48', '2019-08-21', '11:00:00', 14, 24, '6.00', 'D', 96, '2019-08-21 16:19:52', 2, 'L'),
(199, '1031566401620', 'YUI1134', '2019-08-21', '12:33:58', '2019-08-22', '11:00:00', 17, 23, '20.00', 'D', 0, '2019-08-21 19:15:21', 2, 'L'),
(200, '1221566401623', 'HGH4Y54', '2019-08-21', '12:33:56', '2019-08-21', '11:00:00', 23, 19, '2.00', 'D', 122, '2019-08-21 16:38:19', 2, 'L'),
(201, '951566401621', 'TTT1802', '2019-08-21', '12:33:57', '2019-08-21', '11:00:00', 18, 19, '2.00', 'D', 95, '2019-08-21 16:19:59', 2, 'L'),
(202, '1211566401612', 'QQQ3333', '2019-08-21', '12:33:51', '2019-08-21', '11:00:00', 5, 19, '2.00', 'D', 121, '2019-08-21 16:14:25', 2, 'L'),
(203, '991566401625', 'AER____', '2019-08-21', '12:34:20', '2019-08-21', '11:00:00', 6, 19, '2.00', 'D', 99, '2019-08-21 16:20:08', 0, 'L'),
(204, '981566401320', 'ERG2131', '2019-08-21', '12:34:14', '2019-08-21', '11:00:00', 13, 19, '2.00', 'D', 98, '2019-08-21 16:19:58', 2, 'L'),
(205, '971566401677', 'HJL1234', '2019-08-21', '12:34:50', '2019-08-21', '11:00:00', 16, 19, '2.00', 'D', 97, '2019-08-21 16:20:22', 2, 'L'),
(206, '991566401723', 'ASD123_', '2019-08-21', '12:35:38', '2019-08-21', '11:00:00', 6, 19, '2.00', 'D', 99, '2019-08-21 16:20:23', 0, 'L'),
(207, '1221566405630', 'KJL6578', '2019-08-21', '13:40:46', '2019-08-21', '15:40:46', 24, 19, '2.00', 'D', 123, '2019-08-21 16:43:14', 0, 'L'),
(208, '1221566405815', 'KJH5R25', '2019-08-21', '13:43:48', '2019-08-21', '15:43:48', 23, 19, '2.00', 'D', 0, '2019-08-21 19:15:53', 0, 'L'),
(209, '1231566405814', 'TYU2134', '2019-08-21', '13:43:48', '2019-08-21', '15:43:48', 24, 17, '2.00', 'D', 0, '2019-08-21 19:17:23', 0, 'L');

CREATE TABLE `tipoarea` (
  `IDAREA` int(1) NOT NULL,
  `AREA` varchar(10) NOT NULL,
  `STATUS` int(1) NOT NULL
) ENGINE=InnoDB DEFAULT CHARSET=latin1;

INSERT INTO `tipoarea` (`IDAREA`, `AREA`, `STATUS`) VALUES
(1, 'Azul', 1);

CREATE TABLE `tiponot` (
  `IDTIPONOT` int(2) NOT NULL,
  `TIPONOT` text NOT NULL,
  `STATUS` int(1) NOT NULL
) ENGINE=InnoDB DEFAULT CHARSET=latin1;

INSERT INTO `tiponot` (`IDTIPONOT`, `TIPONOT`, `STATUS`) VALUES
(1, 'Fiscal não anotou a placa ', 1),
(2, 'Placa passou do período', 1);

CREATE TABLE `tipopagamento` (
  `IDTIPOPAGAMENTO` int(2) NOT NULL,
  `TIPOPAGAMENTO` varchar(50) NOT NULL,
  `STATUS` int(1) NOT NULL
) ENGINE=InnoDB DEFAULT CHARSET=latin1;

INSERT INTO `tipopagamento` (`IDTIPOPAGAMENTO`, `TIPOPAGAMENTO`, `STATUS`) VALUES
(1, 'DINHEIRO', 1),
(2, 'CARTÃO', 1),
(3, 'VOUCHER', 1);

CREATE TABLE `tipotransporte` (
  `IDTIPOTRANSP` int(2) NOT NULL,
  `MEIOTRANSPORTE` varchar(50) NOT NULL,
  `STATUS` int(1) NOT NULL
) ENGINE=InnoDB DEFAULT CHARSET=latin1;

INSERT INTO `tipotransporte` (`IDTIPOTRANSP`, `MEIOTRANSPORTE`, `STATUS`) VALUES
(1, 'MOTOCICLETA', 1),
(2, 'AUTOMOVEL', 1),
(3, 'CAMINHAO', 0),
(4, 'QUADRICICLO', 0),
(5, 'VAN', 0),
(6, 'CAMINHONETE', 0),
(7, 'CICLOMOTOR', 0),
(8, 'TRICICLO', 0),
(9, 'BUGRE', 0),
(10, 'TRATOR', 0),
(11, 'CARRETA', 0),
(12, 'MICROONIBUS', 0),
(13, 'ONIBUS', 0);

CREATE TABLE `usuarios` (
  `IDUSUARIO` int(50) NOT NULL,
  `NOME` varchar(150) NOT NULL,
  `LOGIN` varchar(50) NOT NULL,
  `SENHA` varchar(350) NOT NULL,
  `DATA_IN` timestamp NOT NULL DEFAULT CURRENT_TIMESTAMP ON UPDATE CURRENT_TIMESTAMP,
  `EMAIL` varchar(350) NOT NULL DEFAULT '0000-00-00 00:00:00',
  `TELEFONE` varchar(17) NOT NULL,
  `CELULAR` varchar(17) NOT NULL,
  `NIVEL` char(1) NOT NULL,
  `SALDO` decimal(10,2) NOT NULL,
  `STATUS` int(1) NOT NULL,
  `LAST_LOG` timestamp NOT NULL DEFAULT '0000-00-00 00:00:00',
  `CPF` varchar(20) NOT NULL
) ENGINE=InnoDB DEFAULT CHARSET=latin1;

INSERT INTO `usuarios` (`IDUSUARIO`, `NOME`, `LOGIN`, `SENHA`, `DATA_IN`, `EMAIL`, `TELEFONE`, `CELULAR`, `NIVEL`, `SALDO`, `STATUS`, `LAST_LOG`, `CPF`) VALUES
(1, 'Alan Lamin', 'admin', '81dc9bdb52d04dc20036dbd8313ed055', '2019-06-26 00:07:43', 'admin@oi.com.br', '', '', 'A', '0.00', 1, '0000-00-00 00:00:00', ''),
(64, 'Fiscal', 'fiscal', '81dc9bdb52d04dc20036dbd8313ed055', '2019-08-21 15:33:51', 'lamin.exe@gmail.com', '(21)9815-5555', '(88)88888-8888', 'G', '-182.00', 1, '2019-05-29 22:01:31', ''),
(65, 'ALAN LAMIN FISCAL', 'lamin', '81dc9bdb52d04dc20036dbd8313ed055', '2019-07-26 13:37:39', 'lamin.exe@gmail.com', '(21)2796-6097', '', 'G', '0.00', 1, '2019-06-03 23:26:48', ''),
(92, 'Maria Luiza', 'malu', '81dc9bdb52d04dc20036dbd8313ed055', '2019-08-20 19:47:14', 'malu@maul.com.br', '(0_)____-____', '(21)98108-6200', 'U', '0.00', 1, '2019-06-28 00:14:01', ''),
(94, 'Maria LUIza Lunes', 'Maria', '81dc9bdb52d04dc20036dbd8313ed055', '2019-07-03 22:45:51', 'marialu@gmail.com', '0', '(21)98108-6200', 'U', '45.00', 1, '2019-07-01 20:08:08', '016.124.327-31'),
(95, 'Robson Paz da Costa', 'G01', 'dc40b7120e77741d191c0d2b82cea7be', '2019-08-21 15:34:15', 'robson@sigasempre.com.br', '(21)____-____', '(21)97014-6710', 'G', '-60.00', 1, '2019-08-21 13:41:02', '019.290.907-06'),
(96, 'MATHEUS DE OLIVEIRA DA SILVA ', 'G02', 'a14ac55a4f27472c5d894ec1c3c743d2', '2019-08-21 15:34:08', 'MATHEUS@SIGASEMPRE.COM.BR', '', '(21)97692-9515', 'G', '-46.00', 1, '2019-08-21 13:44:06', '163.276.367-21'),
(97, 'THIAGO CORREIA TOBIAS', 'G03', '913e6a48943911538f21112686331297', '2019-08-21 15:34:55', 'SAC@SIGASEMPRE.COM.BR', '', '(21)98538-1747', 'G', '-38.00', 1, '2019-08-21 13:47:40', '114.312.127-92'),
(98, 'MARCELO MATIAS DA SILVA', 'G04', 'ff7d0f525b3be596a51fb919492c099c', '2019-08-21 15:34:41', 'SAC@SIGASEMPRE.COM.BR', '', '(21)99510-7704', 'G', '-48.00', 1, '2019-08-21 13:50:07', '076.131.317-69'),
(99, 'EDUARDO ALBERTO SOARES JUNIOR', 'G05', '9246444d94f081e3549803b928260f56', '2019-08-21 15:35:43', 'SAC@SIGASEMPRE.COM.BR', '', '(21)99977-6050', 'G', '-54.00', 1, '2019-08-21 13:53:02', '167.236.737-94'),
(100, 'PAULO SERGIO SILVA LOPES', 'G06', 'c54e7837e0cd0ced286cb5995327d1ab', '2019-08-21 15:33:54', 'SAC@SIGASEMPRE.COM.BR', '', '(21)99801-6611', 'G', '-46.00', 1, '2019-08-21 13:55:11', '119.823.937-93'),
(101, 'FERNANDO DE FIGUEIREDO SANTOS', 'G07', 'f1903f234d3ba4da38a18aa25751457d', '2019-08-21 15:28:48', 'SAC@SIGASEMPRE.COM.BR', '', '(21)97375-6973', 'G', '-52.00', 1, '2019-08-21 13:57:42', '152.755.247-06'),
(102, 'GLAYSON PEREIRA DIAS', 'G08', '05a70454516ecd9194c293b0e415777f', '2019-08-21 15:33:50', 'SAC@SIGASEMPRE.COM.BR', '', '(21)99042-5821', 'G', '-44.00', 1, '2019-08-21 13:59:15', '110.073.857-66'),
(103, 'RICARDO DA SILVA OLIVEIRA JUNIOR', 'G09', '913e6a48943911538f21112686331297', '2019-08-21 15:34:09', 'SAC@SIGASEMPRE.COM.BR', '', '(21)97614-0208', 'G', '-62.00', 1, '2019-08-21 14:00:57', '179.631.997-02'),
(104, 'MARCELO DE OLIVEIRA TAVARES', 'G10', 'd757719ed7c2b66dd17dcee2a3cb29f4', '2019-08-21 15:33:50', 'SAC@SIGASEMPRE.COM.BR', '', '(21)99050-1834', 'G', '-40.00', 1, '2019-08-21 14:03:03', '112.153.767-74'),
(105, 'GABRIEL LEONARDO COSTA', 'G11', 'c3535febaff29fcb7c0d20cbe94391c7', '2019-08-21 15:33:43', 'SAC@SIGASEMPRE.COM.BR', '', '(21)97546-7378', 'G', '-42.00', 1, '2019-08-21 14:04:47', '150.372.887-03'),
(106, 'LUIS FERNANDO RODRIGUES NASCIMENTO', 'G12', '81dc9bdb52d04dc20036dbd8313ed055', '2019-08-21 15:33:50', 'SAC@SIGASEMPRE.COM.BR', '', '(21)99329-8019', 'G', '-42.00', 1, '2019-08-21 14:08:03', '176.105.797-93'),
(107, 'WALLACE BODEVAN DA COSTA', 'G13', '81dc9bdb52d04dc20036dbd8313ed055', '2019-08-21 15:34:03', 'SAC@SIGASEMPRE.COM.BR', '', '(21)99467-1204', 'G', '-40.00', 1, '2019-08-21 14:13:15', '144.347.547-50'),
(108, 'PAMELA DE MENEZES OLIVEIRA', 'G14', 'd827f12e35eae370ba9c65b7f6026695', '2019-08-21 15:33:44', 'SAC@SIGASEMPRE.COM.BR', '', '(21)96934-5335', 'G', '-42.00', 1, '2019-08-21 14:15:09', '167.007.627-07'),
(109, 'IZABELLA MONTES', 'G15', '069090145d54bf4aa3894133f7e89873', '2019-08-21 15:33:58', 'SAC@SIGASEMPRE.COM.BR', '', '(21)99287-0711', 'G', '-40.00', 1, '2019-08-21 14:16:57', '131.963.687-00'),
(121, 'ANDRE RAMOS DA SILVA', 'G16', 'a0872cc5b5ca4cc25076f3d868e1bdf8', '2019-08-21 15:34:17', 'SAC@SIGASEMPRE.COM.BR', '', '(21)96951-6665', 'G', '-50.00', 1, '2019-08-21 14:22:32', '072.532.717-00'),
(122, 'GABRIEL LUIZ LEITE DOS SANTOS', 'G17', '76a926da757aabfc14f3de2d7a31f866', '2019-08-21 16:43:56', 'ELZINGABRIEL@GMAIL.COM', '(21)3333-3333', '(21)97340-1433', 'G', '-34.00', 1, '2019-08-21 14:47:54', '177.599.077-02'),
(123, 'MATEUS TEXEIRA ALVES', 'G18', '64517d8435994992e682b3e4aa0a0661', '2019-08-21 16:43:56', 'MATEUSTEIXEI.95@GMAIL.COM', '(21)2669-8340', '(21)97001-8832', 'G', '-26.00', 1, '2019-08-21 14:55:52', '152.385.357-32'),
(124, 'ROMULO DA SILVA CAMPELO', 'G19', '81dc9bdb52d04dc20036dbd8313ed055', '2019-08-21 14:58:18', 'teste@gmail.com', '(21)3333-3333', '(21)97354-8915', 'G', '0.00', 1, '2019-08-21 14:58:18', '098.702.997-50'),
(125, 'Wanessa', 'Wanessa', 'bcd0379fe4340b8e0e0a2d08302ea081', '2019-08-21 17:00:15', 'sac@sigasempre.com.br', '', '', 'A', '0.00', 1, '2019-08-21 17:00:15', '107.312.437-14'),
(126, 'Ítalo Teixeira Capuxim', 'Italo', '21f23da03f8290bd915f9fb83946ddaf', '2019-08-21 20:13:06', 'sac@sigasempre.com.br', '(21)____-____', '(21)96780-4686', 'F', '0.00', 1, '2019-08-21 20:13:06', '136.766.687-23'),
(127, 'Darcy Wagner dos Santos Rodrigues', 'Wagner', 'd3e512e9d94438be8cef0fe477527630', '2019-08-21 20:26:57', 'wagners@sigasempre.com.br', '', '(21)98002-2171', 'A', '0.00', 1, '2019-08-21 20:26:57', '081.921.027-77');


ALTER TABLE `empresa`
  ADD PRIMARY KEY (`IDEMPRESA`),
  ADD UNIQUE KEY `CNPJ` (`CNPJ`);

ALTER TABLE `fiscal`
  ADD PRIMARY KEY (`IDFISCAL`);

ALTER TABLE `formapg`
  ADD PRIMARY KEY (`IDFORMAPG`),
  ADD UNIQUE KEY `SIGLA` (`SIGLA`);

ALTER TABLE `localfiscal`
  ADD PRIMARY KEY (`IDLOCALFISCAL`);

ALTER TABLE `localidade`
  ADD PRIMARY KEY (`IDLOCALIDADE`);

ALTER TABLE `motivoevasao`
  ADD PRIMARY KEY (`IDMOTIVO`);

ALTER TABLE `notificacao`
  ADD PRIMARY KEY (`IDNOTIFICACAO`);

ALTER TABLE `pagamento`
  ADD PRIMARY KEY (`IDPAGAMENTO`);

ALTER TABLE `placausuario`
  ADD PRIMARY KEY (`IDPLACAUSUARIO`);

ALTER TABLE `recarga`
  ADD PRIMARY KEY (`IDRECARGA`);

ALTER TABLE `taxas`
  ADD PRIMARY KEY (`IDTAXA`);

ALTER TABLE `ticket`
  ADD PRIMARY KEY (`IDTICKET`);

ALTER TABLE `tipoarea`
  ADD PRIMARY KEY (`IDAREA`);

ALTER TABLE `tiponot`
  ADD PRIMARY KEY (`IDTIPONOT`);

ALTER TABLE `tipopagamento`
  ADD PRIMARY KEY (`IDTIPOPAGAMENTO`),
  ADD UNIQUE KEY `TIPOPAGAMENTO` (`TIPOPAGAMENTO`);

ALTER TABLE `tipotransporte`
  ADD PRIMARY KEY (`IDTIPOTRANSP`),
  ADD UNIQUE KEY `MEIOTRANSPORTE` (`MEIOTRANSPORTE`);

ALTER TABLE `usuarios`
  ADD PRIMARY KEY (`IDUSUARIO`),
  ADD UNIQUE KEY `LOGIN` (`LOGIN`);


ALTER TABLE `empresa`
  MODIFY `IDEMPRESA` int(11) NOT NULL AUTO_INCREMENT, AUTO_INCREMENT=13;
ALTER TABLE `fiscal`
  MODIFY `IDFISCAL` int(11) NOT NULL AUTO_INCREMENT, AUTO_INCREMENT=2;
ALTER TABLE `formapg`
  MODIFY `IDFORMAPG` int(2) NOT NULL AUTO_INCREMENT, AUTO_INCREMENT=6;
ALTER TABLE `localfiscal`
  MODIFY `IDLOCALFISCAL` int(11) NOT NULL AUTO_INCREMENT, AUTO_INCREMENT=51;
ALTER TABLE `localidade`
  MODIFY `IDLOCALIDADE` int(11) NOT NULL AUTO_INCREMENT, AUTO_INCREMENT=49;
ALTER TABLE `motivoevasao`
  MODIFY `IDMOTIVO` int(11) NOT NULL AUTO_INCREMENT, AUTO_INCREMENT=4;
ALTER TABLE `notificacao`
  MODIFY `IDNOTIFICACAO` int(11) NOT NULL AUTO_INCREMENT, AUTO_INCREMENT=3;
ALTER TABLE `pagamento`
  MODIFY `IDPAGAMENTO` int(11) NOT NULL AUTO_INCREMENT;
ALTER TABLE `placausuario`
  MODIFY `IDPLACAUSUARIO` int(11) NOT NULL AUTO_INCREMENT, AUTO_INCREMENT=10;
ALTER TABLE `recarga`
  MODIFY `IDRECARGA` int(11) NOT NULL AUTO_INCREMENT, AUTO_INCREMENT=5;
ALTER TABLE `taxas`
  MODIFY `IDTAXA` int(11) NOT NULL AUTO_INCREMENT, AUTO_INCREMENT=26;
ALTER TABLE `ticket`
  MODIFY `IDTICKET` int(30) NOT NULL AUTO_INCREMENT, AUTO_INCREMENT=210;
ALTER TABLE `tipoarea`
  MODIFY `IDAREA` int(1) NOT NULL AUTO_INCREMENT, AUTO_INCREMENT=2;
ALTER TABLE `tiponot`
  MODIFY `IDTIPONOT` int(2) NOT NULL AUTO_INCREMENT, AUTO_INCREMENT=3;
ALTER TABLE `tipopagamento`
  MODIFY `IDTIPOPAGAMENTO` int(2) NOT NULL AUTO_INCREMENT, AUTO_INCREMENT=4;
ALTER TABLE `tipotransporte`
  MODIFY `IDTIPOTRANSP` int(2) NOT NULL AUTO_INCREMENT, AUTO_INCREMENT=14;
ALTER TABLE `usuarios`
  MODIFY `IDUSUARIO` int(50) NOT NULL AUTO_INCREMENT, AUTO_INCREMENT=128;
/*!40101 SET CHARACTER_SET_CLIENT=@OLD_CHARACTER_SET_CLIENT */;
/*!40101 SET CHARACTER_SET_RESULTS=@OLD_CHARACTER_SET_RESULTS */;
/*!40101 SET COLLATION_CONNECTION=@OLD_COLLATION_CONNECTION */;
